id;username;password;firstname;lastname
1;RSS;Generic;Industrial Honduras;initiatives Throughway
2;indexing;action-items;morph;Ohio matrix SQL
3;Kip yellow Gloves;Tanzanian Shilling Nebraska incremental;Investment Account Handmade Metal Cheese PNG;Manor applications generate
4;cross-platform payment;systems;Central payment;revolutionize lavender
5;Jewelery Turnpike Credit Card Account;value-added;Games Sleek New Leu;program quantify
6;Orchestrator payment;Product parse;feed FTP;magenta metrics Ergonomic Rubber Car
7;PCI Credit Card Account Customer;Checking Account Engineer;Concrete Car;Frozen infomediaries
8;gold;Peru Plastic Handcrafted;Granite invoice leading-edge;Corporate grey North Carolina
9;tan;Gibraltar Utah;Electronics Saudi Arabia FTP;iterate circuit
10;Shirt solution Netherlands Antillian Guilder;Tasty Integration;parse e-services Republic of Korea;Bike protocol
